patient_id,y_true,y_prob
P0001,1,0.787150
P0002,0,0.288334
P0003,1,0.793806
P0004,1,0.852276
P0005,0,0.661837
P0006,1,0.275547
P0007,1,0.796271
P0008,1,0.855266
P0009,0,0.376600
P0010,0,0.236509
P0011,0,0.071976
P0012,1,0.873027
P0013,0,0.716537
P0014,1,0.516529
P0015,0,0.515952
P0016,0,0.244433
P0017,0,0.297063
P0018,0,0.135533
P0019,1,0.779979
P0020,0,0.622470
P0021,1,0.898681
P0022,0,0.717544
P0023,1,0.941443
P0024,1,0.884840
P0025,1,0.965906
P0026,0,0.410716
P0027,0,0.506997
P0028,0,0.250383
P0029,0,0.324437
P0030,1,0.711479
P0031,1,0.930188
P0032,1,0.603889
P0033,0,0.495588
P0034,0,0.270784
P0035,0,0.591760
P0036,0,0.487720
P0037,0,0.735098
P0038,0,0.482701
P0039,0,0.085330
P0040,1,0.822452
P0041,0,0.122173
P0042,1,0.746819
P0043,1,0.957354
P0044,0,0.459473
P0045,1,0.711169
P0046,1,0.642512
P0047,0,0.317081
P0048,0,0.117475
P0049,1,0.716844
P0050,0,0.380367
P0051,0,0.587905
P0052,0,0.452336
P0053,1,0.333746
P0054,1,0.870385
P0055,1,0.841847
P0056,1,0.882248
P0057,0,0.693431
P0058,0,0.054001
P0059,0,0.199232
P0060,0,0.447916
P0061,1,0.504601
P0062,0,0.662834
P0063,0,0.393734
P0064,1,0.920311
P0065,0,0.202467
P0066,0,0.503441
P0067,0,0.566718
P0068,0,0.361901
P0069,0,0.362253
P0070,0,0.370597
P0071,0,0.159313
P0072,0,0.279382
P0073,1,0.809610
P0074,0,0.397329
P0075,0,0.549790
P0076,0,0.134874
P0077,0,0.283938
P0078,1,0.956121
P0079,0,0.176014
P0080,1,0.685195
P0081,1,0.858429
P0082,0,0.511094
P0083,1,0.833609
P0084,0,0.629241
P0085,0,0.514195
P0086,0,0.510453
P0087,1,0.896053
P0088,0,0.821663
P0089,0,0.267928
P0090,0,0.057134
P0091,0,0.690884
P0092,1,0.758102
P0093,0,0.333562
P0094,0,0.624701
P0095,0,0.083001
P0096,0,0.113886
P0097,0,0.083075
P0098,0,0.168803
P0099,0,0.410872
P0100,1,0.893232
P0101,1,0.867183
P0102,1,0.546672
P0103,0,0.042692
P0104,1,0.839479
P0105,1,0.755511
P0106,1,0.886893
P0107,0,0.475508
P0108,0,0.340345
P0109,0,0.490035
P0110,1,0.861668
P0111,0,0.432923
P0112,0,0.181730
P0113,0,0.272969
P0114,0,0.353606
P0115,0,0.505132
P0116,1,0.769636
P0117,1,0.892944
P0118,1,0.791528
P0119,0,0.285459
P0120,0,0.507379
P0121,0,0.057700
P0122,0,0.109440
P0123,0,0.092609
P0124,0,0.041742
P0125,0,0.185690
P0126,0,0.487361
P0127,0,0.252583
P0128,0,0.353838
P0129,0,0.571805
P0130,0,0.628943
P0131,0,0.295434
P0132,1,0.950433
P0133,0,0.330069
P0134,0,0.162819
P0135,0,0.198706
P0136,0,0.092748
P0137,1,0.670813
P0138,0,0.239028
P0139,1,0.917100
P0140,0,0.715199
P0141,0,0.101362
P0142,0,0.399590
P0143,1,0.636327
P0144,0,0.419384
P0145,0,0.282704
P0146,0,0.067176
P0147,0,0.532030
P0148,0,0.197024
P0149,0,0.208515
P0150,0,0.133570
P0151,1,0.720253
P0152,1,0.883694
P0153,0,0.271061
P0154,0,0.384300
P0155,0,0.392199
P0156,1,0.948858
P0157,0,0.241809
P0158,1,0.530747
P0159,1,0.935065
P0160,1,0.780488
P0161,0,0.578006
P0162,1,0.879041
P0163,0,0.282694
P0164,0,0.389070
P0165,0,0.759696
P0166,0,0.781935
P0167,1,0.841493
P0168,1,0.853234
P0169,0,0.568624
P0170,1,0.680123
P0171,0,0.385343
P0172,0,0.304521
P0173,0,0.380815
P0174,1,0.682792
P0175,0,0.083972
P0176,0,0.053505
P0177,0,0.128154
P0178,1,0.757923
P0179,1,0.786979
P0180,1,0.971729
P0181,1,0.937379
P0182,1,0.654281
P0183,0,0.388816
P0184,0,0.230218
P0185,1,0.788455
P0186,1,0.856353
P0187,0,0.454916
P0188,0,0.242457
P0189,1,0.934860
P0190,0,0.125435
P0191,1,0.832902
P0192,0,0.857866
P0193,0,0.359642
P0194,1,0.954052
P0195,0,0.329935
P0196,0,0.445413
P0197,0,0.298012
P0198,1,0.806838
P0199,0,0.170869
P0200,0,0.408614
P0201,1,0.678844
P0202,1,0.905986
P0203,0,0.570842
P0204,0,0.393298
P0205,0,0.252325
P0206,0,0.414344
P0207,0,0.248118
P0208,1,0.926597
P0209,0,0.067144
P0210,0,0.243128
P0211,1,0.403522
P0212,0,0.091533
P0213,0,0.637346
P0214,1,0.923804
P0215,1,0.706930
P0216,1,0.524355
P0217,0,0.022653
P0218,0,0.206936
P0219,1,0.982371
P0220,0,0.409722
P0221,0,0.204310
P0222,0,0.417044
P0223,1,0.509759
P0224,1,0.786285
P0225,0,0.331696
P0226,1,0.819638
P0227,0,0.497702
P0228,0,0.388088
P0229,0,0.467129
P0230,0,0.184166
P0231,0,0.524434
P0232,0,0.696130
P0233,1,0.652456
P0234,0,0.156079
P0235,1,0.949587
P0236,1,0.803554
P0237,0,0.646530
P0238,1,0.760872
P0239,0,0.658147
P0240,0,0.338830
P0241,1,0.865090
P0242,1,0.959485
P0243,0,0.238346
P0244,0,0.149170
P0245,0,0.222949
P0246,1,0.886183
P0247,0,0.085821
P0248,0,0.459457
P0249,0,0.207712
P0250,0,0.586087
P0251,1,0.311255
P0252,1,0.692841
P0253,0,0.076812
P0254,0,0.164348
P0255,0,0.365323
P0256,1,0.805460
P0257,1,0.793577
P0258,0,0.277041
P0259,0,0.355119
P0260,0,0.140815
P0261,0,0.476729
P0262,1,0.905737
P0263,0,0.397723
P0264,0,0.439432
P0265,1,0.869486
P0266,0,0.774705
P0267,0,0.291710
P0268,0,0.248415
P0269,0,0.174577
P0270,0,0.137969
P0271,0,0.114612
P0272,0,0.155934
P0273,0,0.295113
P0274,0,0.385633
P0275,1,0.839045
P0276,0,0.172854
P0277,0,0.525025
P0278,0,0.484858
P0279,1,0.808509
P0280,1,0.720528
P0281,0,0.437437
P0282,0,0.351597
P0283,0,0.095511
P0284,0,0.295675
P0285,0,0.368661
P0286,0,0.154505
P0287,0,0.352023
P0288,0,0.094934
P0289,0,0.630925
P0290,0,0.610152
P0291,1,0.793718
P0292,0,0.392564
P0293,1,0.307907
P0294,0,0.123863
P0295,1,0.786880
P0296,1,0.628985
P0297,1,0.910062
P0298,1,0.973333
P0299,1,0.604293
P0300,0,0.162811
