patient_id,y_true,y_prob,y_prob_recalibrated
P0001,0,0.163324,0.003983257104537121
P0002,1,0.831263,0.9066185315228361
P0003,1,0.836071,0.9134693831012852
P0004,0,0.676412,0.550614843117733
P0005,1,0.912933,0.9836474049349
P0006,1,0.753575,0.7543077268999953
P0007,0,0.142558,0.002707015786750625
P0008,0,0.29544,0.024709054328574752
P0009,0,0.417567,0.084665208018499
P0010,1,0.740375,0.7217308041334408
P0011,0,0.24455,0.01338162302813213
P0012,1,0.818004,0.886105812667791
P0013,0,0.258466,0.015955282633404327
P0014,1,0.650658,0.4811408070188689
P0015,0,0.440644,0.10404267003010269
P0016,1,0.700149,0.6154739796272835
P0017,0,0.424117,0.08983115160689951
P0018,0,0.431239,0.09574323865410495
P0019,1,0.527615,0.21246278966616033
P0020,1,0.683252,0.5693090795673135
P0021,1,0.936302,0.9926995674361778
P0022,0,0.152894,0.003298736641733046
P0023,0,0.06497,0.0003301245185988464
P0024,0,0.082274,0.0006105878669693967
P0025,0,0.372644,0.055472288113202574
P0026,0,0.373067,0.05570158106374282
P0027,1,0.75628,0.7607912208270026
P0028,1,0.921593,0.9875392100858256
P0029,1,0.194218,0.006610099644345702
P0030,1,0.838341,0.9165956766416437
P0031,1,0.943291,0.9945737301635246
P0032,0,0.15739,0.0035825689108042874
P0033,0,0.282964,0.02141277975801239
P0034,0,0.213679,0.008810801707268
P0035,1,0.587988,0.3277457913870625
P0036,0,0.293953,0.024296184083683153
P0037,0,0.706301,0.6321744845857852
P0038,0,0.783705,0.8221908814001175
P0039,0,0.291949,0.023748517976370554
P0040,0,0.794956,0.8448355772726923
P0041,1,0.783398,0.8215510307268816
P0042,0,0.769181,0.7907044531107982
P0043,0,0.344501,0.04187230573362502
P0044,1,0.799161,0.8528868908063592
P0045,0,0.453999,0.11684484321616224
P0046,1,0.988212,0.9998901389501775
P0047,0,0.574757,0.2995025662846106
P0048,0,0.221445,0.009826799618611673
P0049,0,0.603243,0.3622850777347347
P0050,0,0.286625,0.02234128478615932
P0051,1,0.681408,0.5642655709429107
P0052,0,0.588702,0.3293160052665235
P0053,0,0.373106,0.05572276107870783
P0054,0,0.432558,0.09687287931419378
P0055,1,0.779711,0.8137779105184899
P0056,1,0.830135,0.904966050268942
P0057,1,0.842237,0.9218003204517295
P0058,0,0.076777,0.000509353727416559
P0059,0,0.52911,0.21489658760186875
P0060,0,0.177698,0.0050860101787141634
P0061,0,0.120014,0.0016796477497925746
P0062,1,0.767025,0.7858268159931877
P0063,1,0.791498,0.8380446913869098
P0064,0,0.223826,0.010155333474182725
P0065,0,0.569799,0.28934359407744314
P0066,1,0.476973,0.14189123187557148
P0067,0,0.277491,0.02008211740275412
P0068,0,0.243263,0.013160971941164605
P0069,0,0.355125,0.04663847604505303
P0070,0,0.432628,0.09693313802691372
P0071,0,0.173949,0.004779490213921272
P0072,0,0.543461,0.23933772428057126
P0073,0,0.380601,0.0599192237858879
P0074,0,0.08003,0.0005678170427662401
P0075,0,0.075258,0.0004834514455635275
P0076,0,0.363011,0.05045839530587907
P0077,1,0.736728,0.7124800580526081
P0078,1,0.758886,0.7669706162079103
P0079,0,0.359397,0.04867693678940933
P0080,0,0.419594,0.08623673913593852
P0081,1,0.900038,0.9765479052467595
P0082,0,0.159614,0.003729198302041424
P0083,0,0.151617,0.003221121040211469
P0084,1,0.539089,0.23168371511510258
P0085,0,0.435097,0.0990785584280267
P0086,1,0.923787,0.9884207799630851
P0087,0,0.272626,0.01895503176667328
P0088,0,0.045144,0.000130317301935057
P0089,0,0.095006,0.0008936180690355348
P0090,0,0.200522,0.0072719273620504505
P0091,0,0.248295,0.014039976524770329
P0092,0,0.277201,0.020013483095392196
P0093,1,0.783907,0.8226112665358754
P0094,0,0.296975,0.02514112709697079
P0095,0,0.622304,0.4081851179981269
P0096,1,0.639682,0.4523342803345868
P0097,1,0.595725,0.345006295435147
P0098,0,0.482226,0.14819207034509457
P0099,0,0.1105,0.0013411664500339716
P0100,1,0.837493,0.9154358933179639
P0101,0,0.389968,0.06552994689214273
P0102,1,0.750739,0.7474367921764367
P0103,1,0.944709,0.9949123093866616
P0104,1,0.651989,0.48467437738514074
P0105,0,0.819105,0.8878997349080833
P0106,0,0.315305,0.03078705309647884
P0107,0,0.138594,0.0025013427849488222
P0108,0,0.382233,0.06086692612183941
P0109,1,0.54333,0.23910571887479104
P0110,0,0.21387,0.008834796230769472
P0111,0,0.461833,0.12494071818355706
P0112,0,0.501396,0.17312540514763364
P0113,1,0.651998,0.4846982977976227
P0114,0,0.607641,0.3726167724824593
P0115,0,0.647372,0.4724523300812165
P0116,0,0.708126,0.6371088271976373
P0117,0,0.494854,0.16426634033101042
P0118,0,0.69284,0.5955350510252991
P0119,0,0.080854,0.0005832874464759022
P0120,0,0.29569,0.024779015858071792
P0121,0,0.195131,0.006703073154354027
P0122,0,0.393941,0.06803825913060546
P0123,0,0.245743,0.013588698382929669
P0124,0,0.32824,0.03535682605775363
P0125,0,0.7912,0.8374523746041054
P0126,0,0.327455,0.03506463993559826
P0127,0,0.466001,0.12943236268659586
P0128,0,0.313831,0.030298321454337886
P0129,0,0.383602,0.06167148373402693
P0130,0,0.367261,0.052622041690303656
P0131,0,0.474603,0.1391206025627284
P0132,1,0.917987,0.9859999744767908
P0133,0,0.749772,0.7450772586662207
P0134,0,0.440193,0.1036315099153834
P0135,0,0.509885,0.18518010618444075
P0136,0,0.154352,0.00338896236186575
P0137,0,0.345727,0.042400927016893096
P0138,1,0.899374,0.976137536064307
P0139,1,0.892446,0.9715809151687134
P0140,0,0.416201,0.08361966223035129
P0141,0,0.583314,0.3175823848252881
P0142,0,0.485196,0.15185348830836878
P0143,0,0.657079,0.49825742490943353
P0144,0,0.435206,0.09917417461269584
P0145,0,0.287881,0.022667110649995496
P0146,0,0.446664,0.10966160571635256
P0147,1,0.157017,0.00355838538591099
P0148,0,0.458318,0.12125298588026545
P0149,0,0.014797,8.177259205452051e-06
P0150,1,0.383797,0.06178680079319477
P0151,0,0.475462,0.14011967868132788
P0152,0,0.48189,0.14778238228194168
P0153,0,0.152849,0.0032959792865042445
P0154,1,0.631323,0.43085188112102696
P0155,0,0.694351,0.5996631867113921
P0156,0,0.262304,0.016728643754523213
P0157,0,0.844608,0.9248685941403839
P0158,0,0.365419,0.051675052105561586
P0159,0,0.464569,0.12787448312140695
P0160,0,0.744002,0.730828704831323
P0161,0,0.396763,0.06986803589756546
P0162,0,0.174748,0.004843661837364671
P0163,1,0.75773,0.7642377069099081
P0164,0,0.357643,0.04783126327555028
P0165,1,0.471346,0.13538504091315728
P0166,0,0.308779,0.02867063525874809
P0167,0,0.215482,0.009039268517162344
P0168,1,0.897923,0.975224941101759
P0169,1,0.783234,0.8212087529762491
P0170,0,0.303054,0.026912209411720487
P0171,1,0.75838,0.7657760026404276
P0172,0,0.419,0.0857737160748232
P0173,0,0.516697,0.19532073023690927
P0174,1,0.562247,0.27432141195157145
P0175,0,0.169161,0.004407737797752933
P0176,1,0.913305,0.9838285246018196
P0177,0,0.276411,0.019827454748247157
P0178,1,0.458386,0.12132346850411206
P0179,0,0.473478,0.13782092790176623
P0180,0,0.478356,0.14352862200492048
P0181,0,0.110985,0.0013571879212893412
P0182,0,0.420549,0.08698552415685927
P0183,0,0.546263,0.24433967409712623
P0184,0,0.456209,0.11908365793604435
P0185,0,0.520484,0.20114146918019826
P0186,0,0.124089,0.001840892684777801
P0187,0,0.445478,0.10853519742990222
P0188,1,0.720588,0.6704707431536285
P0189,1,0.682917,0.5683926964686071
P0190,1,0.892885,0.9718847840070209
P0191,0,0.716928,0.6607410303085817
P0192,1,0.954539,0.9969006922615538
P0193,0,0.682397,0.566970352868748
P0194,0,0.340799,0.040308848181390335
P0195,0,0.450839,0.113704034426928
P0196,0,0.553994,0.2585329821113637
P0197,0,0.394408,0.06833827370854821
P0198,0,0.3967,0.06982674427595807
P0199,1,0.888326,0.9686269026642841
P0200,0,0.352223,0.04529433908784843
P0201,0,0.217672,0.0093227424619878
P0202,1,0.697522,0.6083170915200673
P0203,0,0.520965,0.2018902441654964
P0204,0,0.366559,0.05225945640549909
P0205,1,0.830646,0.9057167794619646
P0206,1,0.872147,0.9551641654474781
P0207,0,0.283972,0.021665308403801695
P0208,0,0.55138,0.2536694077492064
P0209,0,0.457315,0.1202172745749148
P0210,0,0.14371,0.002768937603117551
P0211,0,0.709366,0.6404554259817407
P0212,0,0.259082,0.016077486291887978
P0213,0,0.099294,0.0010054812072414908
P0214,1,0.55106,0.25307855282833974
P0215,0,0.172067,0.0046307708592632744
P0216,0,0.378052,0.05846356929639236
P0217,0,0.304947,0.02748373839613754
P0218,1,0.713648,0.6519700947791254
P0219,0,0.517418,0.19641877047650952
P0220,0,0.447661,0.11061597606867302
